feature,corr
ΔE,0.24664422841785796
P–Al–P angle variance,0.35987424651992256
Al–P length (standard deviation),1.9188477219346965e-07
P–P length (standard deviation),1.4817580908993296e-05
CShM (AlP4),0.00575416247465188
AlP4 Volume,0.018505561924413414
O–Al–O angle variance,0.0010594273785561562
Al–O length (standard deviation),4.5294689419788774e-08
O–O length (standard deviation),2.3390291685566333e-07
CShM (AlO4),4.424758838249225e-07
AlO4 Volume,0.003833628682471059
FD,0.0009322179293196852
TD10,0.006153064589514416
Num. Operators,0.00020107742746643153
Fraction,9.494939402024586e-06
